INSERT INTO user (id,username,password,activated) VALUES (1, 'admin', '{bcrypt}$2b$10$nvjYC6Wyco.u7YjsrT6sXewh3m5b/0k/6cV8ayE26D/ydkj6rcXz.',true);
INSERT INTO user (id,username,password,activated) VALUES (2, 'user', '{bcrypt}$2b$10$nvjYC6Wyco.u7YjsrT6sXewh3m5b/0k/6cV8ayE26D/ydkj6rcXz.',true);
INSERT INTO role (id,name) VALUES(1, 'ADMIN');
INSERT INTO role (id,name) VALUES(2, 'PASSWORD');
INSERT INTO user_role (user_id, role_id) VALUES (1,1);
INSERT INTO user_role(user_id, role_id) VALUES (1,2);
INSERT INTO user_Role(user_id, role_id) VALUES (2,2);
insert into item(id,created_date,modified_date,name) values(1,'2020-03-12 06:08:28','2020-03-12 06:08:28','Matcha Latte');
insert into item(id,created_date,modified_date,name) values(2,'2020-03-12 06:08:28','2020-03-12 06:08:28','Cappuchino');
insert into item(id,created_date,modified_date,name) values(3,'2020-03-12 06:08:28','2020-03-12 06:08:28','Moccacino');
insert into item(id,created_date,modified_date,name) values(4,'2020-03-12 06:08:28','2020-03-12 06:08:28','Milk Tea');
insert into item(id,created_date,modified_date,name) values(5,'2020-03-12 06:08:28','2020-03-12 06:08:28','Coffe Bean with tea');
insert into item(id,created_date,modified_date,name) values(6,'2020-03-12 06:08:28','2020-03-12 06:08:28','Matcha Latte arabica raja ampat');
insert into item(id,created_date,modified_date,name) values(7,'2020-03-12 06:08:28','2020-03-12 06:08:28','Coffe Robusta Tanzania');
insert into item(id,created_date,modified_date,name) values(8,'2020-03-12 06:08:28','2020-03-12 06:08:28','Tea and Coffea Hot');
insert into item(id,created_date,modified_date,name) values(9,'2020-03-12 06:08:28','2020-03-12 06:08:28','Black Coffe');
insert into item(id,created_date,modified_date,name) values(10,'2020-03-12 06:08:28','2020-03-12 06:08:28','Wedang Jahe');
insert into unit(id,created_date,modified_date,name,description) values(1,'2020-03-12 06:08:28','2020-03-12 06:08:28','kg','kilogram');
insert into unit(id,created_date,modified_date,name,description) values(2,'2020-03-12 06:08:28','2020-03-12 06:08:28','pck','pack');
insert into unit(id,created_date,modified_date,name,description) values(3,'2020-03-12 06:08:28','2020-03-12 06:08:28','Pcs','pieces');
insert into unit(id,created_date,modified_date,name,description) values(4,'2020-03-12 06:08:28','2020-03-12 06:08:28','l','liter');
insert into unit(id,created_date,modified_date,name,description) values(5,'2020-03-12 06:08:28','2020-03-12 06:08:28','g','gram');
insert into unit(id,created_date,modified_date,name,description) values(6,'2020-03-12 06:08:28','2020-03-12 06:08:28','Pcs','Pieces');
insert into unit(id,created_date,modified_date,name,description) values(7,'2020-03-12 06:08:28','2020-03-12 06:08:28','L','Liter');
insert into unit(id,created_date,modified_date,name,description) values(8,'2020-03-12 06:08:28','2020-03-12 06:08:28','g','Gram');
insert into unit(id,created_date,modified_date,name,description) values(9,'2020-03-12 06:08:28','2020-03-12 06:08:28','Pack','Pack');
insert into unit(id,created_date,modified_date,name,description) values(10,'2020-03-12 06:08:28','2020-03-12 06:08:28','Pack','Pack');
insert into transaction(id,amount,type,description,created_date,modified_date) values(1,10000,1,'Matcha Latte with green creamer','2020-03-12 06:08:28','2020-03-12 06:08:28');
insert into transaction(id,amount,type,description,created_date,modified_date) values(2,10000,1,'Arabian cappuchino','2020-03-12 06:08:28','2020-03-12 06:08:28');
insert into transaction(id,amount,type,description,created_date,modified_date) values(3,20000,1,'Moccachino with sugar hot','2020-03-12 06:08:28','2020-03-12 06:08:28');
insert into transaction(id,amount,type,description,created_date,modified_date) values(4,100000,2,'Milk tea italian lezatoz','2020-03-12 06:08:28','2020-03-12 06:08:28');
insert into transaction(id,amount,type,description,created_date,modified_date) values(5,100000,2,'Coffee with bean germany no sugar','2020-03-12 06:08:28','2020-03-12 06:08:28');
insert into transaction(id,amount,type,description,created_date,modified_date) values(6,200000,2,'Raja Ampat Matcha Latte very strong coffe green','2020-03-12 06:08:28','2020-03-12 06:08:28');
insert into transaction(id,amount,type,description,created_date,modified_date) values(7,25000,1,'Tanzania coffe with sugar','2020-03-12 06:08:28','2020-03-12 06:08:28');
insert into transaction(id,amount,type,description,created_date,modified_date) values(8,12000,1,'Hot coffee and tea export from india','2020-03-12 06:08:28','2020-03-12 06:08:28');
insert into transaction(id,amount,type,description,created_date,modified_date) values(9,99000,1,'Black coffe from Italian pizza contry','2020-03-12 06:08:28','2020-03-12 06:08:28');
insert into transaction(id,amount,type,description,created_date,modified_date) values(10,100000,2,'Wedang Jahe Indonesian drink in winter','2020-03-12 06:08:28','2020-03-12 06:08:28');
insert into stock(created_date,modified_date,quantity,item_id,unit_id) values ('2020-03-12 06:08:28','2020-03-12 06:08:28',400,1,1);
insert into stock(created_date,modified_date,quantity,item_id,unit_id) values ('2020-03-12 06:08:28','2020-03-12 06:08:28',10,2,2);
insert into stock(created_date,modified_date,quantity,item_id,unit_id) values ('2020-03-12 06:08:28','2020-03-12 06:08:28',100,3,3);
insert into stock(created_date,modified_date,quantity,item_id,unit_id) values ('2020-03-12 06:08:28','2020-03-12 06:08:28',900,4,4);
insert into stock(created_date,modified_date,quantity,item_id,unit_id) values ('2020-03-12 06:08:28','2020-03-12 06:08:28',70,5,5);
insert into stock(created_date,modified_date,quantity,item_id,unit_id) values ('2020-03-12 06:08:28','2020-03-12 06:08:28',900,6,6);
insert into stock(created_date,modified_date,quantity,item_id,unit_id) values ('2020-03-12 06:08:28','2020-03-12 06:08:28',80,7,7);
insert into stock(created_date,modified_date,quantity,item_id,unit_id) values ('2020-03-12 06:08:28','2020-03-12 06:08:28',90,8,8);
insert into stock(created_date,modified_date,quantity,item_id,unit_id) values ('2020-03-12 06:08:28','2020-03-12 06:08:28',120,9,8);
insert into stock(created_date,modified_date,quantity,item_id,unit_id) values ('2020-03-12 06:08:28','2020-03-12 06:08:28',20,10,10);